suborder,family,genus,chrom.num
Adephaga,Carabidae,Graphipterus,8
Adephaga,Carabidae,Megacephala,25.16666667
Adephaga,Carabidae,Craspedophorus,12
Adephaga,Carabidae,Scarites,43.28571429
Adephaga,Carabidae,Cylindra,17
Adephaga,Carabidae,Mecyclothorax,19.5
Adephaga,Carabidae,Carabus,27.83116883
Adephaga,Carabidae,Pheropsophus,30.54545455
Adephaga,Carabidae,Ctenostoma,17
Adephaga,Carabidae,Brachinus,27.94736842
Adephaga,Carabidae,Colliuris,18
Adephaga,Carabidae,Omphra,19
Adephaga,Carabidae,Loricera,19
Adephaga,Carabidae,Gehringia,19
Adephaga,Carabidae,Chlaenius,36.47058824
Adephaga,Carabidae,Cicindela,22.34939759
Adephaga,Carabidae,Pentacomia,21
Adephaga,Carabidae,Amara,33.7
Adephaga,Carabidae,Cylindera,22
Adephaga,Carabidae,Odontocheila,28.5
Adephaga,Carabidae,Elliptica,22
Adephaga,Carabidae,Lophyra,22.5
Adephaga,Carabidae,Lophyridia,22
Adephaga,Carabidae,Acupalpus,35.33333333
Adephaga,Carabidae,Bembidion,24.01304348
Adephaga,Carabidae,Dyschirius,24
Adephaga,Carabidae,Oodes,25.33333333
Adephaga,Carabidae,Pamborus,22
Adephaga,Carabidae,Pericompsus,22
Adephaga,Carabidae,Pogonus,22
Adephaga,Carabidae,Thalassotrechus,22
Adephaga,Carabidae,Myriochile,23.33333333
Adephaga,Carabidae,Spiralia,22
Adephaga,Carabidae,Taenidia,22
Adephaga,Carabidae,Calathus,37.05555556
Adephaga,Carabidae,Pseudotetracha,24.25
Adephaga,Carabidae,Trechus,23
Adephaga,Carabidae,Cychrus,23
Adephaga,Carabidae,Calachroa,23
Adephaga,Carabidae,Ellipsoptera,23
Adephaga,Carabidae,Platyderus,29.2
Adephaga,Carabidae,Pseudochaetoera,23
Adephaga,Carabidae,Therates,23
Adephaga,Carabidae,Amblystomus,24
Adephaga,Carabidae,Asaphidion,24
Adephaga,Carabidae,Carenum,24
Adephaga,Carabidae,Clivina,36
Adephaga,Carabidae,Cymindis,35.375
Adephaga,Carabidae,Eotachys,24
Adephaga,Carabidae,Stenolophus,27
Adephaga,Carabidae,Triplectrus,30.5
Adephaga,Carabidae,Broscus,28
Adephaga,Carabidae,Notiophilus,24
Adephaga,Carabidae,Odacantha,24
Adephaga,Carabidae,Prothymia,24
Adephaga,Carabidae,Dromius,25
Adephaga,Carabidae,Blemus,25
Adephaga,Carabidae,Prothyma,25
Adephaga,Carabidae,Synchus,25
Adephaga,Carabidae,Euthenarus,26
Adephaga,Carabidae,Licinus,30
Adephaga,Carabidae,Platynus,36.26666667
Adephaga,Carabidae,Dyschirus,28
Adephaga,Carabidae,Calosoma,27.85714286
Adephaga,Carabidae,Perileptus,27
Adephaga,Carabidae,Poecilus,37.40909091
Adephaga,Carabidae,Neocollyris,27.25
Adephaga,Carabidae,Ropaloteres,27
Adephaga,Carabidae,Epaphius,28
Adephaga,Carabidae,Notagonum,28
Adephaga,Carabidae,Pterostichus,35.87931034
Adephaga,Carabidae,Philophloeus,29
Adephaga,Carabidae,Oxycheila,29
Adephaga,Carabidae,Amphasia,32.5
Adephaga,Carabidae,Notonomus,34.94117647
Adephaga,Carabidae,Amblytelus,30
Adephaga,Carabidae,Ceroglossus,37.66666667
Adephaga,Carabidae,Galerita,30
Adephaga,Carabidae,Harpalus,36.74193548
Adephaga,Carabidae,Tachys,30
Adephaga,Carabidae,Teraphis,30
Adephaga,Carabidae,Zuphium,30
Adephaga,Carabidae,Agonini,33
Adephaga,Carabidae,Nebria,41
Adephaga,Carabidae,Platynini,33
Adephaga,Carabidae,Platytarus,30
Adephaga,Carabidae,Pristonychus,30
Adephaga,Carabidae,Elaphrus,32
Adephaga,Carabidae,Lebia,32
Adephaga,Carabidae,Microlestes,31
Adephaga,Carabidae,Drypta,33
Adephaga,Carabidae,Aptinus,32
Adephaga,Carabidae,Blethsia,32
Adephaga,Carabidae,Penetretus,32.75
Adephaga,Carabidae,Simodontus,33
Adephaga,Carabidae,Lionychus,33
Adephaga,Carabidae,Lionyehus,33
Adephaga,Carabidae,Sarothrocrepis,33
Adephaga,Carabidae,Syntomus,40
Adephaga,Carabidae,Curtonotus,39.66666667
Adephaga,Carabidae,Eudalia,33
Adephaga,Carabidae,Loxandrus,34.33333333
Adephaga,Carabidae,Agonum,36.5
Adephaga,Carabidae,Colfax,34
Adephaga,Carabidae,Macrocheilus,34
Adephaga,Carabidae,Orthomus,34
Adephaga,Carabidae,Percosoma,34
Adephaga,Carabidae,Eutrichopus,34
Adephaga,Carabidae,Sarticus,40
Adephaga,Carabidae,Abax,35
Adephaga,Carabidae,Anthia,35
Adephaga,Carabidae,Demetrias,39.5
Adephaga,Carabidae,Eurylichnus,35
Adephaga,Carabidae,Masoreus,35
Adephaga,Carabidae,Prosopogmus,35
Adephaga,Carabidae,Bradybaenus,36.5
Adephaga,Carabidae,Omophron,36
Adephaga,Carabidae,Omus,36
Adephaga,Carabidae,Apenes,36
Adephaga,Carabidae,Sericoda,36
Adephaga,Carabidae,Sphodrus,36
Adephaga,Carabidae,Omaseidius,37
Adephaga,Carabidae,Acinopus,37
Adephaga,Carabidae,Angoleus,37.66666667
Adephaga,Carabidae,Anisodactylus,37
Adephaga,Carabidae,Anomoglossus,37
Adephaga,Carabidae,Cryptophonus,37
Adephaga,Carabidae,Daptus,37
Adephaga,Carabidae,Dinodes,37
Adephaga,Carabidae,Diplocheila,38.75
Adephaga,Carabidae,Diplous,37
Adephaga,Carabidae,Eucryptotrichus,37
Adephaga,Carabidae,Euleptus,37
Adephaga,Carabidae,Haptoderus,37
Adephaga,Carabidae,Lestichus,37
Adephaga,Carabidae,Melanius,41.90909091
Adephaga,Carabidae,Nesarpalus,37
Adephaga,Carabidae,Notiobia,38.33333333
Adephaga,Carabidae,Omaseus,37.8
Adephaga,Carabidae,Ophonus,37
Adephaga,Carabidae,Orthotrichus,37
Adephaga,Carabidae,Oxypselaphus,37
Adephaga,Carabidae,Paranchus,37
Adephaga,Carabidae,Parophonus,39
Adephaga,Carabidae,Phaenaulax,37
Adephaga,Carabidae,Pterophilus,37
Adephaga,Carabidae,Sphallomorpha,37
Adephaga,Carabidae,Stomis,37
Adephaga,Carabidae,Trichotichnus,37
Adephaga,Carabidae,Dicheirotrichus,37
Adephaga,Carabidae,Scybalicus,37
Adephaga,Carabidae,Setalis,37
Adephaga,Carabidae,Loxoncus,38
Adephaga,Carabidae,Mantichora,38
Adephaga,Carabidae,Egadroma,39
Adephaga,Carabidae,Risophilus,39
Adephaga,Carabidae,Trichocellus,39
Adephaga,Carabidae,Laemostenus,40
Adephaga,Carabidae,Platymetopus,40
Adephaga,Carabidae,Syrdenus,40
Adephaga,Carabidae,Odontocarus,40
Adephaga,Carabidae,Abacetus,41
Adephaga,Carabidae,Olisthopus,41
Adephaga,Carabidae,Anchomenidius,43
Adephaga,Carabidae,Mystropomus,43
Adephaga,Carabidae,Amblycheila,44
Adephaga,Carabidae,Anchomenus,44
Adephaga,Carabidae,Siagona,45.33333333
Adephaga,Carabidae,Baudia,45
Adephaga,Carabidae,Dixus,56.33333333
Adephaga,Carabidae,Promecoderus,46
Adephaga,Carabidae,Styracoderus,45
Adephaga,Carabidae,Trichosternus,50
Adephaga,Carabidae,Arthropterus,46
Adephaga,Carabidae,Zabrus,55.8
Adephaga,Carabidae,Siagonyx,48
Adephaga,Carabidae,Castelnaudi,51
Adephaga,Carabidae,Dicrochile,55
Adephaga,Carabidae,Carterus,57
Adephaga,Carabidae,Ditomus,58
Adephaga,Carabidae,Percus,60
Adephaga,Carabidae,Trymosternus,62
Adephaga,Dytiscidae,Platambus,19
Adephaga,Dytiscidae,Cybister,38.8
Adephaga,Dytiscidae,Deronectes,44
Adephaga,Dytiscidae,Hydrovatus,33
Adephaga,Dytiscidae,Ilybius,35
Adephaga,Dytiscidae,Dytiscus,37.75
Adephaga,Dytiscidae,Hydroporus,35
Adephaga,Dytiscidae,Colymbetes,42.03333333
Adephaga,Dytiscidae,Unidentified,37
Adephaga,Dytiscidae,Agabus,42.4
Adephaga,Dytiscidae,Hydaticus,42.33333333
Adephaga,Dytiscidae,Rhantus,43.28571429
Adephaga,Dytiscidae,Eretes,43
Adephaga,Dytiscidae,Nebrioporus,49
Adephaga,Dytiscidae,Trichonectes,49
Adephaga,Dytiscidae,Boreonectes,55.66666667
Adephaga,Dytiscidae,Scarodytes,55
Adephaga,Dytiscidae,Stictotarsus,57.6
Polyphaga,Anobiidae,Stegobium,17
Polyphaga,Anobiidae,Ptinus,18
Polyphaga,Anobiidae,Gibbium,18
Polyphaga,Anobiidae,Lasioderma,18
Polyphaga,Anobiidae,Ernobius,22
Polyphaga,Anthicidae,Notoxus,18
Polyphaga,Anthribidae,Araecerus,22
Polyphaga,Anthribidae,Euparius,35.5
Polyphaga,Anthribidae,Habrissus,22
Polyphaga,Anthribidae,Platystomos,22
Polyphaga,Anthribidae,Ptychoderes,22
Polyphaga,Anthribidae,Tropideres,22.5
Polyphaga,Attelabidae,Apoderus,29.14285714
Polyphaga,Attelabidae,Deporaus,25
Polyphaga,Attelabidae,Pissodes,30.19354839
Polyphaga,Attelabidae,Centrocorynus,28
Polyphaga,Attelabidae,Auletobius,32
Polyphaga,Attelabidae,Liparus,32
Polyphaga,Attelabidae,Rhynchites,35.5
Polyphaga,Bostrichidae,Rhizopertha,18
Polyphaga,Bostrichidae,Bostrychopsis,20
Polyphaga,Bostrichidae,Sinoxylon,20
Polyphaga,Bostrichidae,Apate,22
Polyphaga,Brentidae,Brentus,12
Polyphaga,Brentidae,Nemocephalus,12
Polyphaga,Brentidae,Proepisphales,12
Polyphaga,Brentidae,Pseudorychoides,12
Polyphaga,Brentidae,Trachelizus,12
Polyphaga,Brentidae,Apion,22
Polyphaga,Brentidae,Ceratapion,22
Polyphaga,Brentidae,Cylas,22
Polyphaga,Brentidae,Eutrichapion,22
Polyphaga,Brentidae,Nanophyes,22
Polyphaga,Brentidae,Oxystoma,22
Polyphaga,Brentidae,Rhopalapion,22
Polyphaga,Brentidae,Squamapion,22
Polyphaga,Brentidae,Aplemonus,26
Polyphaga,Buprestidae,Melanophila,14.66666667
Polyphaga,Buprestidae,Capnodis,17
Polyphaga,Buprestidae,Anthaxia,16
Polyphaga,Buprestidae,Chrysobothris,16
Polyphaga,Buprestidae,Sphaerobothris,16
Polyphaga,Buprestidae,Acmaeodera,18.57142857
Polyphaga,Buprestidae,Agrilus,20.57142857
Polyphaga,Buprestidae, Spruce,21
Polyphaga,Buprestidae,Dicera,20
Polyphaga,Buprestidae,Dicerca,20
Polyphaga,Buprestidae,Ovalisia,20
Polyphaga,Buprestidae,Perotis,20
Polyphaga,Buprestidae,Themognatha,21.75
Polyphaga,Buprestidae,Buprestis,20
Polyphaga,Buprestidae,Chalcophora,21
Polyphaga,Buprestidae,Castiarina,22
Polyphaga,Buprestidae,Coraebus,23
Polyphaga,Buprestidae,Meliboeus,22
Polyphaga,Buprestidae,Stigmodera,22
Polyphaga,Buprestidae,Julodis,25.33333333
Polyphaga,Buprestidae,Sphenoptera,30.66666667
Polyphaga,Buprestidae,Euchroma,29.33333333
Polyphaga,Buprestidae,Julodella,26
Polyphaga,Buprestidae,Stenocera,26
Polyphaga,Buprestidae,Sternocera,26
Polyphaga,Byrrhidae,Byrrhus,18
Polyphaga,Byrrhidae,Cytilus,18
Polyphaga,Cantharidae,Malthodes,11
Polyphaga,Cantharidae,Cantharis,14.75
Polyphaga,Cantharidae,Chauliognathus,13
Polyphaga,Cantharidae,Rhagonycha,13
Polyphaga,Cantharidae,Silis,13
Polyphaga,Cantharidae,Telephorus,13
Polyphaga,Cantharidae,Tylocerus,13
Polyphaga,Cerambycidae,Plocaederus,10
Polyphaga,Cerambycidae,Gonocallus,14
Polyphaga,Cerambycidae,Aeloesthes,18
Polyphaga,Cerambycidae,Elaphidion,18
Polyphaga,Cerambycidae,Olenocamptus,18
Polyphaga,Cerambycidae,Dilus,18
Polyphaga,Cerambycidae,Monochamus,21
Polyphaga,Cerambycidae,Oncideres,19
Polyphaga,Cerambycidae,Stromatium,19
Polyphaga,Cerambycidae,Agapanthia,20
Polyphaga,Cerambycidae,Anisarthron,20
Polyphaga,Cerambycidae,Leptura,20
Polyphaga,Cerambycidae,Rhagium,20
Polyphaga,Cerambycidae,Anaflus,20
Polyphaga,Cerambycidae,Asemum,20
Polyphaga,Cerambycidae,Batocera,20
Polyphaga,Cerambycidae,Cerambyx,20
Polyphaga,Cerambycidae,Chlorophorus,20
Polyphaga,Cerambycidae,Clytus,20
Polyphaga,Cerambycidae,Compsa,20
Polyphaga,Cerambycidae,Criocephalus,20
Polyphaga,Cerambycidae,Cyllene,20
Polyphaga,Cerambycidae,Cyrtoclytus,20
Polyphaga,Cerambycidae,Eburia,20
Polyphaga,Cerambycidae,Epiglenea,20
Polyphaga,Cerambycidae,Eutrapha,20
Polyphaga,Cerambycidae,Glenea,20
Polyphaga,Cerambycidae,Graphisurus,20
Polyphaga,Cerambycidae,Leptostylus,20
Polyphaga,Cerambycidae,Mesosa,20.4
Polyphaga,Cerambycidae,Molorchus,20
Polyphaga,Cerambycidae,Oberea,20
Polyphaga,Cerambycidae,Phaea,20
Polyphaga,Cerambycidae,Phymatodes,20
Polyphaga,Cerambycidae,Phytoecia,20
Polyphaga,Cerambycidae,Plagionotus,20
Polyphaga,Cerambycidae,Pogonocherus,20.33333333
Polyphaga,Cerambycidae,Psenocerus,20
Polyphaga,Cerambycidae,Pterolophia,20.33333333
Polyphaga,Cerambycidae,Pyrestes,20
Polyphaga,Cerambycidae,Saperda,20
Polyphaga,Cerambycidae,Saphanus,20
Polyphaga,Cerambycidae,Stenostola,20
Polyphaga,Cerambycidae,Stenygra,20
Polyphaga,Cerambycidae,Stenygrinum,20
Polyphaga,Cerambycidae,Tetraopes,20
Polyphaga,Cerambycidae,Tetropium,22.5
Polyphaga,Cerambycidae,Tetrops,20
Polyphaga,Cerambycidae,Trichophorus,20
Polyphaga,Cerambycidae,Xylotrechus,20
Polyphaga,Cerambycidae,Aegosoma,20
Polyphaga,Cerambycidae,Distenia,20
Polyphaga,Cerambycidae,Dorcadion,21.33333333
Polyphaga,Cerambycidae,Rosalia,20
Polyphaga,Cerambycidae,Vadonia,20
Polyphaga,Cerambycidae,Anaesthetis,22
Polyphaga,Cerambycidae,Obrium,22
Polyphaga,Cerambycidae,Acanthocinus,23.33333333
Polyphaga,Cerambycidae,Acmaeops,22
Polyphaga,Cerambycidae,Apomecyna,22
Polyphaga,Cerambycidae,Callidium,22
Polyphaga,Cerambycidae,Exocentrus,23.33333333
Polyphaga,Cerambycidae,Gaurotes,22
Polyphaga,Cerambycidae,Liopus,22
Polyphaga,Cerambycidae,Nusphera,22
Polyphaga,Cerambycidae,Trachyderes,27
Polyphaga,Cerambycidae,Acalolepta,22.66666667
Polyphaga,Cerambycidae,Dihammus,23
Polyphaga,Cerambycidae,Ergates,22
Polyphaga,Cerambycidae,Mecynippus,22
Polyphaga,Cerambycidae,Mesechthistatus,22
Polyphaga,Cerambycidae,Rhopalopus,22
Polyphaga,Cerambycidae,Lagochirus,24
Polyphaga,Cerambycidae,Morimus,24
Polyphaga,Cerambycidae,Chloridolum,24
Polyphaga,Cerambycidae,Leiopus,24
Polyphaga,Cerambycidae,Prionus,24
Polyphaga,Cerambycidae,Callipogon,26
Polyphaga,Cerambycidae,Stenodontes,26
Polyphaga,Cerambycidae,Leontium,26
Polyphaga,Cerambycidae,Plectura,26
Polyphaga,Cerambycidae,Derancistrus,28
Polyphaga,Cerambycidae,Macrotoma,28
Polyphaga,Cerambycidae,Purpuricenus,28
Polyphaga,Cerambycidae,Steirastoma,28
Polyphaga,Cerambycidae,Anoplophora,30
Polyphaga,Cerambycidae,Spondylis,30
Polyphaga,Cerambycidae,Compsocerus,32
Polyphaga,Cerambycidae,Palimna,32
Polyphaga,Cerambycidae,Uraecha,32
Polyphaga,Cerambycidae,Xenolea,32
Polyphaga,Cerambycidae,Apriona,36
Polyphaga,Cerambycidae,Vesperus,53
Polyphaga,Chrysomelidae,Homoschema,9.5
Polyphaga,Chrysomelidae,Apraea,11
Polyphaga,Chrysomelidae,Alagoasa,21.44827586
Polyphaga,Chrysomelidae,Chrysodina,12
Polyphaga,Chrysomelidae,Doryphora,12
Polyphaga,Chrysomelidae,Hispa,15.33333333
Polyphaga,Chrysomelidae,Nodonota,13
Polyphaga,Chrysomelidae,Spintherophyta,12
Polyphaga,Chrysomelidae,Gynandrobrotica,16
Polyphaga,Chrysomelidae,Lema,17.85714286
Polyphaga,Chrysomelidae,Metallactus,15
Polyphaga,Chrysomelidae,Aspidimorpha,17.6
Polyphaga,Chrysomelidae,Bromius,16
Polyphaga,Chrysomelidae,Cassida,20.08823529
Polyphaga,Chrysomelidae,Chalepus,17.5
Polyphaga,Chrysomelidae,Colasposoma,16
Polyphaga,Chrysomelidae,Conchyloctenia,17
Polyphaga,Chrysomelidae,Crioceris,16
Polyphaga,Chrysomelidae,Cryptocephalus,29.87096774
Polyphaga,Chrysomelidae,Dactylispa,16
Polyphaga,Chrysomelidae,Deuteronoda,16
Polyphaga,Chrysomelidae,Dicladispa,16
Polyphaga,Chrysomelidae,Galerucella,32.90909091
Polyphaga,Chrysomelidae,Glyphocassis,17
Polyphaga,Chrysomelidae,Glyptoscelis,18
Polyphaga,Chrysomelidae,Hermaeophaga,16.5
Polyphaga,Chrysomelidae,Macrocoma,16
Polyphaga,Chrysomelidae,Notosacantha,16
Polyphaga,Chrysomelidae,Odontota,16
Polyphaga,Chrysomelidae,Oedionychus,19.6
Polyphaga,Chrysomelidae,Oulema,17.66666667
Polyphaga,Chrysomelidae,Pachybrachus,16
Polyphaga,Chrysomelidae,Paria,16
Polyphaga,Chrysomelidae,Platypria,16
Polyphaga,Chrysomelidae,Polyconia,16
Polyphaga,Chrysomelidae,Sagra,16
Polyphaga,Chrysomelidae,Talurus,16
Polyphaga,Chrysomelidae,Pachybrachis,16
Polyphaga,Chrysomelidae,Amphelsasma,17.66666667
Polyphaga,Chrysomelidae,Oides,33
Polyphaga,Chrysomelidae,Anisodera,18
Polyphaga,Chrysomelidae,Asphaera,23.88235294
Polyphaga,Chrysomelidae,Baliosus,18
Polyphaga,Chrysomelidae,Basiprionota,18
Polyphaga,Chrysomelidae,Caryedon,19
Polyphaga,Chrysomelidae,Chiridopsis,18
Polyphaga,Chrysomelidae,Coptocycla,18
Polyphaga,Chrysomelidae,Craspedonta,18
Polyphaga,Chrysomelidae,Crepidedera,22
Polyphaga,Chrysomelidae,Cteisella,18
Polyphaga,Chrysomelidae,Deloyala,18.66666667
Polyphaga,Chrysomelidae,Epistictina,18
Polyphaga,Chrysomelidae,Estignema,18
Polyphaga,Chrysomelidae,Eurypepla,18
Polyphaga,Chrysomelidae,Exema,18
Polyphaga,Chrysomelidae,Gratiana,18.66666667
Polyphaga,Chrysomelidae,Helocassis,18
Polyphaga,Chrysomelidae,Laccoptera,18.25
Polyphaga,Chrysomelidae,Lasiochila,18
Polyphaga,Chrysomelidae,Metriona,18
Polyphaga,Chrysomelidae,Monolepta,20
Polyphaga,Chrysomelidae,Monoxia,27
Polyphaga,Chrysomelidae,Oxylepus,18
Polyphaga,Chrysomelidae,Rhytidocassis,18
Polyphaga,Chrysomelidae,Sceloenopla,18
Polyphaga,Chrysomelidae,Heikertingerella,20
Polyphaga,Chrysomelidae,Timarcha,22.55
Polyphaga,Chrysomelidae,Callosobruchus,19.90909091
Polyphaga,Chrysomelidae,Diabrotica,19.08333333
Polyphaga,Chrysomelidae,Acalymma,22.81818182
Polyphaga,Chrysomelidae,Paranapiaca,20.33333333
Polyphaga,Chrysomelidae,Paratriarius,21
Polyphaga,Chrysomelidae,Syphraea,22.33333333
Polyphaga,Chrysomelidae,Acanthoscelides,20
Polyphaga,Chrysomelidae,Agathomerus,20
Polyphaga,Chrysomelidae,Bruchidius,20.75
Polyphaga,Chrysomelidae,Bruchus,25.25
Polyphaga,Chrysomelidae,Chaetocnema,22.33333333
Polyphaga,Chrysomelidae,Conicobruchus,20
Polyphaga,Chrysomelidae,Cosmogramma,20
Polyphaga,Chrysomelidae,Eurypedus,20
Polyphaga,Chrysomelidae,Hypolampsis,21
Polyphaga,Chrysomelidae,Lilioceris,20.66666667
Polyphaga,Chrysomelidae,Octotoma,20
Polyphaga,Chrysomelidae,Pachymerus,20
Polyphaga,Chrysomelidae,Parasyphraea,20
Polyphaga,Chrysomelidae,Phanaeta,20
Polyphaga,Chrysomelidae,Psylliodes,31.4
Polyphaga,Chrysomelidae,Typophorus,20.5
Polyphaga,Chrysomelidae,Uroplata,20
Polyphaga,Chrysomelidae,Cerotoma,29
Polyphaga,Chrysomelidae,Chlamisus,21
Polyphaga,Chrysomelidae,Omophoita,22.17647059
Polyphaga,Chrysomelidae,Paranaita,22
Polyphaga,Chrysomelidae,Specularius,22
Polyphaga,Chrysomelidae,Altica,23.88
Polyphaga,Chrysomelidae,Capraita,22
Polyphaga,Chrysomelidae,Cassidinae,22
Polyphaga,Chrysomelidae,Charidotella,22.5
Polyphaga,Chrysomelidae,Chelymorpha,22
Polyphaga,Chrysomelidae,Chrysolina,31.390625
Polyphaga,Chrysomelidae,Colaspis,26
Polyphaga,Chrysomelidae,Diapromorpha,22.66666667
Polyphaga,Chrysomelidae,Eumolpus,22
Polyphaga,Chrysomelidae,Hyphasoma,22
Polyphaga,Chrysomelidae,Merilia,22
Polyphaga,Chrysomelidae,Platyprosopus,22
Polyphaga,Chrysomelidae,Stolas,26
Polyphaga,Chrysomelidae,Walterianella,25
Polyphaga,Chrysomelidae,Epimela,22
Polyphaga,Chrysomelidae,Macrolenes,22
Polyphaga,Chrysomelidae,Calligrapha,23.125
Polyphaga,Chrysomelidae,Aulacoscelis,23
Polyphaga,Chrysomelidae,Isotes,30
Polyphaga,Chrysomelidae,Leptinotarsa,34.05555556
Polyphaga,Chrysomelidae,Zygogramma,25
Polyphaga,Chrysomelidae,Agelastica,24
Polyphaga,Chrysomelidae,Aphthona,28
Polyphaga,Chrysomelidae,Basilepta,26.66666667
Polyphaga,Chrysomelidae,Chrysochus,26.33333333
Polyphaga,Chrysomelidae,Chrysophtharta,24
Polyphaga,Chrysomelidae,Clytra,28
Polyphaga,Chrysomelidae,Coptocephala,24
Polyphaga,Chrysomelidae,Crosita,28
Polyphaga,Chrysomelidae,Desmogramma,24
Polyphaga,Chrysomelidae,Forsterita,24
Polyphaga,Chrysomelidae,Gastrophysa,27.33333333
Polyphaga,Chrysomelidae,Gonioctena,26
Polyphaga,Chrysomelidae,Hemipyxis,24
Polyphaga,Chrysomelidae,Lachnaia,24
Polyphaga,Chrysomelidae,Leucocera,24
Polyphaga,Chrysomelidae,Longitarus,24
Polyphaga,Chrysomelidae,Lysathia,24
Polyphaga,Chrysomelidae,Macrohaltica,24.66666667
Polyphaga,Chrysomelidae,Mesoplatys,24
Polyphaga,Chrysomelidae,Ophraella,30.28571429
Polyphaga,Chrysomelidae,Oreina,24
Polyphaga,Chrysomelidae,Paropsis,24
Polyphaga,Chrysomelidae,Paropsisterna,24
Polyphaga,Chrysomelidae,Philhydronopa,24
Polyphaga,Chrysomelidae,Platyphora,24
Polyphaga,Chrysomelidae,Smaragdina,24
Polyphaga,Chrysomelidae,Sterromela,24
Polyphaga,Chrysomelidae,Strichosa,24
Polyphaga,Chrysomelidae,Zabrotes,26
Polyphaga,Chrysomelidae,Arrhenocoela,26
Polyphaga,Chrysomelidae,Chalcophana,26
Polyphaga,Chrysomelidae,Entomoscelis,26
Polyphaga,Chrysomelidae,Epitrix,26
Polyphaga,Chrysomelidae,Erganoides,26
Polyphaga,Chrysomelidae,Kanarella,26
Polyphaga,Chrysomelidae,Longitarsus,29.2
Polyphaga,Chrysomelidae,Platycorinus,28.33333333
Polyphaga,Chrysomelidae,Yingaresca,33
Polyphaga,Chrysomelidae,Colaphus,27
Polyphaga,Chrysomelidae,Botanochara,39.88888889
Polyphaga,Chrysomelidae,Blaptea,28
Polyphaga,Chrysomelidae,Henicotherus,28
Polyphaga,Chrysomelidae,Jolivetia,28
Polyphaga,Chrysomelidae,Trirhabda,29.8
Polyphaga,Chrysomelidae,Araucanomela,28
Polyphaga,Chrysomelidae,Colaspidema,28
Polyphaga,Chrysomelidae,Cyrtonus,31.375
Polyphaga,Chrysomelidae,Donacia,29.42857143
Polyphaga,Chrysomelidae,Glyptina,28
Polyphaga,Chrysomelidae,Microtheca,28
Polyphaga,Chrysomelidae,Plagiodera,29.5
Polyphaga,Chrysomelidae,Disonycha,43.36363636
Polyphaga,Chrysomelidae,Apophylia,30
Polyphaga,Chrysomelidae,Aulacophora,46.9
Polyphaga,Chrysomelidae,Diphaulaca,30
Polyphaga,Chrysomelidae,Monomacra,31.5
Polyphaga,Chrysomelidae,Phyllotreta,31.33333333
Polyphaga,Chrysomelidae,Xanthogaleruca,30
Polyphaga,Chrysomelidae,Cyrsylus,30
Polyphaga,Chrysomelidae,Mantura,30
Polyphaga,Chrysomelidae,Exora,31
Polyphaga,Chrysomelidae,Labidomera,32.33333333
Polyphaga,Chrysomelidae,Strabala,32
Polyphaga,Chrysomelidae,Blepharida,32
Polyphaga,Chrysomelidae,Chlamydocassis,32
Polyphaga,Chrysomelidae,Dibolia,36
Polyphaga,Chrysomelidae,Genus,32
Polyphaga,Chrysomelidae,Leptispa,32
Polyphaga,Chrysomelidae,Luperodes,32
Polyphaga,Chrysomelidae,Microrhopala,32
Polyphaga,Chrysomelidae,Ophrida,32
Polyphaga,Chrysomelidae,Spermophagus,32
Polyphaga,Chrysomelidae,Systena,32
Polyphaga,Chrysomelidae,Luperus,33
Polyphaga,Chrysomelidae,Chrysomela,34.11111111
Polyphaga,Chrysomelidae,Hilarocassis,34
Polyphaga,Chrysomelidae,Hydrothassa,34
Polyphaga,Chrysomelidae,Linaeidea,34
Polyphaga,Chrysomelidae,Phaedon,34
Polyphaga,Chrysomelidae,Phratora,34
Polyphaga,Chrysomelidae,Lochmaea,34
Polyphaga,Chrysomelidae,Prasocuris,34
Polyphaga,Chrysomelidae,Chirida,36
Polyphaga,Chrysomelidae,Coraia,36
Polyphaga,Chrysomelidae,Pyrrhalta,36
Polyphaga,Chrysomelidae,Podontia,36
Polyphaga,Chrysomelidae,Pataya,38
Polyphaga,Chrysomelidae,Agroiconota,40
Polyphaga,Chrysomelidae,Asiorestia,38
Polyphaga,Chrysomelidae,Galeruca,41.28571429
Polyphaga,Chrysomelidae,Hypocassida,38
Polyphaga,Chrysomelidae,Neocrepidodera,38
Polyphaga,Chrysomelidae,Oocassida,39
Polyphaga,Chrysomelidae,Aedmon,39
Polyphaga,Chrysomelidae,Ambrostoma,40
Polyphaga,Chrysomelidae,Paridea,40
Polyphaga,Chrysomelidae,Podagrica,40
Polyphaga,Chrysomelidae,Diorhabda,40
Polyphaga,Chrysomelidae,Phenrica,44.5
Polyphaga,Chrysomelidae,Sermylassa,44
Polyphaga,Chrysomelidae,Argopus,50
Polyphaga,Chrysomelidae,Sphaeroderma,52
Polyphaga,Ciidae,Cis,14
Polyphaga,Ciidae,Octotemnus,22
Polyphaga,Ciidae,Sulcasis,22
Polyphaga,Cleridae,Enoclerus,18
Polyphaga,Cleridae,Priocera,18
Polyphaga,Cleridae,Thanasimus,18
Polyphaga,Cleridae,Trichodes,18
Polyphaga,Coccinellidae,Epilachna,18.36363636
Polyphaga,Coccinellidae,Mulsantina,16.4
Polyphaga,Coccinellidae,Chilocorus,21.47826087
Polyphaga,Coccinellidae,Hyperaspis,14.25
Polyphaga,Coccinellidae,Cryptognatha,14
Polyphaga,Coccinellidae,Exochomus,16.23529412
Polyphaga,Coccinellidae,Aphidecta,19.16666667
Polyphaga,Coccinellidae,Brachyacantha,17.5
Polyphaga,Coccinellidae,Cladis,16
Polyphaga,Coccinellidae,Curinus,16
Polyphaga,Coccinellidae,Harmonia,16
Polyphaga,Coccinellidae,Rhyzobius,17
Polyphaga,Coccinellidae,Scymnus,17.25
Polyphaga,Coccinellidae,Brumus,17.33333333
Polyphaga,Coccinellidae,Aiolocaria,17
Polyphaga,Coccinellidae,Rodolia,17
Polyphaga,Coccinellidae,Axion,18
Polyphaga,Coccinellidae,Afissa,18
Polyphaga,Coccinellidae,Anatis,18
Polyphaga,Coccinellidae,Chnoodes,18
Polyphaga,Coccinellidae,Orcus,18
Polyphaga,Coccinellidae,Psyllobora,18
Polyphaga,Coccinellidae,Solanophila,18
Polyphaga,Coccinellidae,Sumnius,18
Polyphaga,Coccinellidae,Egius,20
Polyphaga,Coccinellidae,Eriopis,20
Polyphaga,Coccinellidae,Adalia,20
Polyphaga,Coccinellidae,Anisocalvia,20
Polyphaga,Coccinellidae,Coccidula,20
Polyphaga,Coccinellidae,Coccinella,20
Polyphaga,Coccinellidae,Coelophora,20
Polyphaga,Coccinellidae,Coleomegilla,20
Polyphaga,Coccinellidae,Cycloneda,20
Polyphaga,Coccinellidae,Hippodamia,20
Polyphaga,Coccinellidae,Illeis,20
Polyphaga,Coccinellidae,Menochilus,20
Polyphaga,Coccinellidae,Micraspis,20
Polyphaga,Coccinellidae,Microweisea,20
Polyphaga,Coccinellidae,Neda,20
Polyphaga,Coccinellidae,Neomysia,20
Polyphaga,Coccinellidae,Olla,20
Polyphaga,Coccinellidae,Pharoscymnus,20
Polyphaga,Coccinellidae,Propylaea,20
Polyphaga,Coccinellidae,Synonycha,20
Polyphaga,Coccinellidae,Thea,20
Polyphaga,Coccinellidae,Various,20
Polyphaga,Coccinellidae,Verania,20
Polyphaga,Coccinellidae,Adonia,20
Polyphaga,Coccinellidae,Calvia,20
Polyphaga,Coccinellidae,Phyllobora,20
Polyphaga,Coccinellidae,Propylea,20
Polyphaga,Coccinellidae,Azya,23.33333333
Polyphaga,Coccinellidae,Cryptolaemus,22
Polyphaga,Coccinellidae,Prodilis,24
Polyphaga,Coccinellidae,Tythaspis,24
Polyphaga,Curculionidae,Sitophilus,20.71428571
Polyphaga,Curculionidae,Amystax,20.33333333
Polyphaga,Curculionidae,Echinocnemus,18.66666667
Polyphaga,Curculionidae,Euthyrhinus,16
Polyphaga,Curculionidae,Syrotelus,16
Polyphaga,Curculionidae,Tanysphyrus,16.66666667
Polyphaga,Curculionidae,Magdalis,29.5
Polyphaga,Curculionidae,Baris,33.33333333
Polyphaga,Curculionidae,Byctiscus,20.66666667
Polyphaga,Curculionidae,Hilaus,21
Polyphaga,Curculionidae,Anthonomus,32.8
Polyphaga,Curculionidae,Catapionus,21.33333333
Polyphaga,Curculionidae,Dermatoxenus,21
Polyphaga,Curculionidae,Ceutorrhynchus,26
Polyphaga,Curculionidae,Desmidophorus,21
Polyphaga,Curculionidae,Hypera,21.77777778
Polyphaga,Curculionidae,Mechistocerus,31.27272727
Polyphaga,Curculionidae,Parascaphus,21
Polyphaga,Curculionidae,Phytoscaphus,21
Polyphaga,Curculionidae,Polydrusus,21.6
Polyphaga,Curculionidae,Rhinocerus,20
Polyphaga,Curculionidae,Rhinoncus,24
Polyphaga,Curculionidae,Scythropus,21.33333333
Polyphaga,Curculionidae,Apodrusus,20
Polyphaga,Curculionidae,Otiorhynchus,21.96363636
Polyphaga,Curculionidae,Astycus,22
Polyphaga,Curculionidae,Blosyrus,22.66666667
Polyphaga,Curculionidae,Hylobius,31.09090909
Polyphaga,Curculionidae,Liophloeus,22
Polyphaga,Curculionidae,Scepticus,22.25
Polyphaga,Curculionidae,Acicnemis,23.33333333
Polyphaga,Curculionidae,Amblyrrhinus,22
Polyphaga,Curculionidae,Anobleptus,23
Polyphaga,Curculionidae,Aplotes,22
Polyphaga,Curculionidae,Arrhines,22
Polyphaga,Curculionidae,Barioscaphus,22
Polyphaga,Curculionidae,Barypeithes,23
Polyphaga,Curculionidae,Bothrometopus,22
Polyphaga,Curculionidae,Brachyderes,22
Polyphaga,Curculionidae,Brachysomus,22
Polyphaga,Curculionidae,Byrsopages,22
Polyphaga,Curculionidae,Canonopsis,22
Polyphaga,Curculionidae,Carcilia,22
Polyphaga,Curculionidae,Centricnemus,22
Polyphaga,Curculionidae,Chlorophanus,23
Polyphaga,Curculionidae,Chokkirius,22
Polyphaga,Curculionidae,Christensenia,22
Polyphaga,Curculionidae,Corigetus,22
Polyphaga,Curculionidae,Curculio,27.04
Polyphaga,Curculionidae,Cyphicerinus,22
Polyphaga,Curculionidae,Cyphicerus,22
Polyphaga,Curculionidae,Cyrtepistomus,22
Polyphaga,Curculionidae,Deiradolcus,22
Polyphaga,Curculionidae,Diaprepes,22
Polyphaga,Curculionidae,Diaprepres,22
Polyphaga,Curculionidae,Diatropus,22
Polyphaga,Curculionidae,Dicranthus,22
Polyphaga,Curculionidae,Disker,22
Polyphaga,Curculionidae,Dodecastichus,22
Polyphaga,Curculionidae,Donus,22
Polyphaga,Curculionidae,Dusmoecetes,22
Polyphaga,Curculionidae,Dyslobus,22
Polyphaga,Curculionidae,Ectemnorrhinus,22
Polyphaga,Curculionidae,Esamus,22
Polyphaga,Curculionidae,Eugnathus,22
Polyphaga,Curculionidae,Euops,24
Polyphaga,Curculionidae,Eupagoderes,22
Polyphaga,Curculionidae,Exophthalmus,22
Polyphaga,Curculionidae,Exopthalmus,22
Polyphaga,Curculionidae,Foucartia,22
Polyphaga,Curculionidae,Heilipus,27.75
Polyphaga,Curculionidae,Hemerus,22
Polyphaga,Curculionidae,Hypermias,22
Polyphaga,Curculionidae,Hypolixus,33
Polyphaga,Curculionidae,Hypomeces,22
Polyphaga,Curculionidae,Indomecus,22
Polyphaga,Curculionidae,Indomias,22
Polyphaga,Curculionidae,Ixalma,22
Polyphaga,Curculionidae,Lepidospyris,22.5
Polyphaga,Curculionidae,Lepropus,22
Polyphaga,Curculionidae,Leptomias,22
Polyphaga,Curculionidae,Meotiorrhynchus,22
Polyphaga,Curculionidae,Metapocyrtus,32
Polyphaga,Curculionidae,Myllocerus,22.34782609
Polyphaga,Curculionidae,Naupactus,22
Polyphaga,Curculionidae,Neocanonopsis,22
Polyphaga,Curculionidae,Pachyrhynchus,22
Polyphaga,Curculionidae,Paophilus,22
Polyphaga,Curculionidae,Phyllobius,22.09090909
Polyphaga,Curculionidae,Platymycterus,22
Polyphaga,Curculionidae,Plintini,22
Polyphaga,Curculionidae,Podapion,22
Polyphaga,Curculionidae,Podeschrus,22
Polyphaga,Curculionidae,Procas,23
Polyphaga,Curculionidae,Pseudphytoscaphus,22
Polyphaga,Curculionidae,Ptochus,22
Polyphaga,Curculionidae,Rhinomias,22
Polyphaga,Curculionidae,Rhynchophorus,22
Polyphaga,Curculionidae,Rhyssomatus,22
Polyphaga,Curculionidae,Rynchophorus,22
Polyphaga,Curculionidae,Sipalus,22
Polyphaga,Curculionidae,Sitona,22.42857143
Polyphaga,Curculionidae,Strophosoma,22
Polyphaga,Curculionidae,Sympiezomias,22
Polyphaga,Curculionidae,Tanymecus,22.11111111
Polyphaga,Curculionidae,Telephae,24
Polyphaga,Curculionidae,Thlipsomerus,22
Polyphaga,Curculionidae,Transptochus,22
Polyphaga,Curculionidae,Xanium,22
Polyphaga,Curculionidae,Xanthochelus,22
Polyphaga,Curculionidae,Proctorus,22
Polyphaga,Curculionidae,Tylotus,22
Polyphaga,Curculionidae,Acallopistus,24
Polyphaga,Curculionidae,Calendra,26.33333333
Polyphaga,Curculionidae,Demimaea,24
Polyphaga,Curculionidae,Dorytomus,26
Polyphaga,Curculionidae,Indocurculio,24
Polyphaga,Curculionidae,Limnobaris,27
Polyphaga,Curculionidae,Mecopomorphus,24
Polyphaga,Curculionidae,Phymatapoderus,28
Polyphaga,Curculionidae,Phytobius,24
Polyphaga,Curculionidae,Rhynchaenus,26.42857143
Polyphaga,Curculionidae,Ryssematus,24
Polyphaga,Curculionidae,Simulatacalles,24
Polyphaga,Curculionidae,Gelus,26
Polyphaga,Curculionidae,Apotomorhinus,26
Polyphaga,Curculionidae,Diocalandra,26
Polyphaga,Curculionidae,Episomus,29
Polyphaga,Curculionidae,Metamasius,26
Polyphaga,Curculionidae,Oedophyrus,26
Polyphaga,Curculionidae,Orobitis,26
Polyphaga,Curculionidae,Heilipodus,29.5
Polyphaga,Curculionidae,Acalles,29.66666667
Polyphaga,Curculionidae,Alcides,34
Polyphaga,Curculionidae,Cidnorrhinus,28
Polyphaga,Curculionidae,Cleonus,28
Polyphaga,Curculionidae,Cycnotrachelus,28
Polyphaga,Curculionidae,Didothis,31
Polyphaga,Curculionidae,Lobotrachelus,28
Polyphaga,Curculionidae,Nedyus,28
Polyphaga,Curculionidae,Pagiophloeus,28
Polyphaga,Curculionidae,Trichalophus,28
Polyphaga,Curculionidae,Zacladus,28
Polyphaga,Curculionidae,Hydrophilus,29.5
Polyphaga,Curculionidae,Apiophorus,30
Polyphaga,Curculionidae,Cirrorhynchus,30
Polyphaga,Curculionidae,Cosmopolites,30
Polyphaga,Curculionidae,Diplogrammus,30
Polyphaga,Curculionidae,Lepyrus,30
Polyphaga,Curculionidae,Mecysolobus,32.66666667
Polyphaga,Curculionidae,Metialma,32
Polyphaga,Curculionidae,Neomecopus,30
Polyphaga,Curculionidae,Notaris,30
Polyphaga,Curculionidae,Oxydema,30
Polyphaga,Curculionidae,Paraplapoderus,30
Polyphaga,Curculionidae,Paratrachelophorus,30
Polyphaga,Curculionidae,Protacallinus,30
Polyphaga,Curculionidae,Ruteria,30
Polyphaga,Curculionidae,Sphenophorus,30
Polyphaga,Curculionidae,Alcidodes,32
Polyphaga,Curculionidae,Catagmatus,32
Polyphaga,Curculionidae,Cryptorrhynchus,34.33333333
Polyphaga,Curculionidae,Cylindrocopturus,32
Polyphaga,Curculionidae,Gymnetron,32
Polyphaga,Curculionidae,Mecyslobus,33
Polyphaga,Curculionidae,Niphades,33
Polyphaga,Curculionidae,Pachytychius,32
Polyphaga,Curculionidae,Paramecopus,32
Polyphaga,Curculionidae,Phloeophagosoma,32
Polyphaga,Curculionidae,Pseudoanthonomus,35
Polyphaga,Curculionidae,Athesapeuta,32
Polyphaga,Curculionidae,Caenocryptorrhynchus,34
Polyphaga,Curculionidae,Calosirus,34
Polyphaga,Curculionidae,Eudiagogus,34
Polyphaga,Curculionidae,Miccotrogus,34
Polyphaga,Curculionidae,Rhadinomerus,38
Polyphaga,Curculionidae,Tachypterellus,34
Polyphaga,Curculionidae,Tychius,37
Polyphaga,Curculionidae,Adexius,36
Polyphaga,Curculionidae,Colobodes,45
Polyphaga,Curculionidae,Gasteroclisus,36.66666667
Polyphaga,Curculionidae,Larinus,38.8
Polyphaga,Curculionidae,Okikuruminus,36
Polyphaga,Curculionidae,Pachylobius,36
Polyphaga,Curculionidae,Cionus,40
Polyphaga,Curculionidae,Ectatorhinus,38
Polyphaga,Curculionidae,Mecysmoderes,38
Polyphaga,Curculionidae,Shirahoshizo,38
Polyphaga,Curculionidae,Pycnodactylus,38
Polyphaga,Curculionidae,Cryptorhynchus,38
Polyphaga,Curculionidae,Larinodontes,40
Polyphaga,Curculionidae,Lixus,43.66666667
Polyphaga,Curculionidae,Orochlesis,40
Polyphaga,Curculionidae,Adosomus,46
Polyphaga,Curculionidae,Atactogaster,48
Polyphaga,Curculionidae,Dystropicus,56
Polyphaga,Dermestidae,Anthrenus,18
Polyphaga,Dermestidae,Attagenus,18
Polyphaga,Dermestidae,Dermestes,18.09090909
Polyphaga,Dermestidae,Dermests,18
Polyphaga,Dermestidae,Trogoderma,18.66666667
Polyphaga,Dermestidae,Orphilus,20
Polyphaga,Elateridae,Chalcolepidius,8
Polyphaga,Elateridae,Hemirrhipus,10
Polyphaga,Elateridae,Agrypnus,14
Polyphaga,Elateridae,Pyrophorus,14.6
Polyphaga,Elateridae,Melanotus,18.22222222
Polyphaga,Elateridae,Conoderus,16.63636364
Polyphaga,Elateridae,Lacon,14
Polyphaga,Elateridae,Pyrearinus,15
Polyphaga,Elateridae,Adelocera,18.66666667
Polyphaga,Elateridae,Colaulon,17
Polyphaga,Elateridae,Ctenicera,19.89473684
Polyphaga,Elateridae,Heteroderes,17.4
Polyphaga,Elateridae,Limonius,18.5
Polyphaga,Elateridae,Monocrepidius,17
Polyphaga,Elateridae,Monocrepidus,17
Polyphaga,Elateridae,Agriotella,19
Polyphaga,Elateridae,Agriotes,19.25
Polyphaga,Elateridae,Ampedus,19.22222222
Polyphaga,Elateridae,Athous,19
Polyphaga,Elateridae,Cardiorhinus,19
Polyphaga,Elateridae,Elater,19
Polyphaga,Elateridae,Cardiophorus,21.5
Polyphaga,Elateridae,Eanus,20
Polyphaga,Elateridae,Pomachilius,20
Polyphaga,Elateridae,Prosternon,22
Polyphaga,Elateridae,Heterocrepidius,22
Polyphaga,Elateridae,Dicrepidius,23
Polyphaga,Erotylidae,Triplax,18
Polyphaga,Geotrupidae,Ceratophyus,16
Polyphaga,Geotrupidae,Anoplotrupes,21.33333333
Polyphaga,Geotrupidae,Geotrupes,21.25
Polyphaga,Geotrupidae,Thorectes,21.5
Polyphaga,Geotrupidae,Trypocopris,21
Polyphaga,Geotrupidae,Typhaeus,20
Polyphaga,Geotrupidae,Bolboceras,20
Polyphaga,Geotrupidae,Bolboceratops,20
Polyphaga,Geotrupidae,Sericotrupes,22
Polyphaga,Geotrupidae,Cnemotrupes,22
Polyphaga,Glaphyridae,Lichnanthe,20
Polyphaga,Glaresidae,Glaresis,20
Polyphaga,Helophoridae,Helophorus,19.81818182
Polyphaga,Histeridae,Hister,26
Polyphaga,Histeridae,Saprinus,26
Polyphaga,Hybosoridae,Hybosorus,20
Polyphaga,Hydrophilidae,Anacaena,16.4
Polyphaga,Hydrophilidae,Berosus,18
Polyphaga,Hydrophilidae,Helocombus,18
Polyphaga,Hydrophilidae,Sternolophus,18
Polyphaga,Hydrophilidae,Tropisternus,18
Polyphaga,Hydrophilidae,Hydrobius,18
Polyphaga,Hydrophilidae,Hydrous,30
Polyphaga,Laemophloeidae,Cryptolestes,18.33333333
Polyphaga,Lampyridae,Luciola,17
Polyphaga,Lampyridae,Bicellonycha,18
Polyphaga,Lampyridae,Photuris,18.5
Polyphaga,Lampyridae,Aspisoma,19
Polyphaga,Lampyridae,Cratomorphus,19
Polyphaga,Lampyridae,Diphotus,19
Polyphaga,Lampyridae,Ellychnia,19
Polyphaga,Lampyridae,Lucidota,19
Polyphaga,Lampyridae,Photinus,19
Polyphaga,Lampyridae,Pyractomena,19
Polyphaga,Leiodidae,Cantabrogeus,22
Polyphaga,Leiodidae,Catops,22
Polyphaga,Leiodidae,Espanoliella,22
Polyphaga,Leiodidae,Fresnedaella,22
Polyphaga,Leiodidae,Leiodes,22
Polyphaga,Leiodidae,Notidocharis,22
Polyphaga,Leiodidae,Quaestus,22
Polyphaga,Leiodidae,Drimeotus,24
Polyphaga,Leiodidae,Pholeuon,24
Polyphaga,Leiodidae,Speonomus,24
Polyphaga,Leiodidae,Troglocharinus,24
Polyphaga,Lucanidae,Nipponodorcus,10
Polyphaga,Lucanidae,Macrodorcas,16
Polyphaga,Lucanidae,Dorcus,18
Polyphaga,Lucanidae,Lamprima,18
Polyphaga,Lucanidae,Sinodendron,18
Polyphaga,Lucanidae,Cerchus,20
Polyphaga,Lucanidae,Figulus,22
Polyphaga,Lucanidae,Prosopocoilus,20
Polyphaga,Lucanidae,Lucanus,24
Polyphaga,Lycidae,Calopteron,31
Polyphaga,Lycidae,Metriorrhynchus,31
Polyphaga,Lycidae,Thonalmus,33
Polyphaga,Lycidae,Linoptes,33
Polyphaga,Melandryidae,Prothalpia,18
Polyphaga,Melandryidae,Serropalpus,19
Polyphaga,Melandryidae,Dircaea,20
Polyphaga,Meloidae,Cyaneolytta,20
Polyphaga,Meloidae,Epicauta,20.58333333
Polyphaga,Meloidae,Lytta,20
Polyphaga,Meloidae,Meloe,20
Polyphaga,Meloidae,Mylabris,21.6
Polyphaga,Meloidae,Paniculolytta,20
Polyphaga,Meloidae,Pryrota,20
Polyphaga,Meloidae,Psalydolytta,20
Polyphaga,Meloidae,Sybaris,20
Polyphaga,Meloidae,Tetraonyx,20
Polyphaga,Meloidae,Zonitis,20
Polyphaga,Melyridae,Hoppingiana,14
Polyphaga,Melyridae,Collops,17
Polyphaga,Melyridae,Astylus,18
Polyphaga,Melyridae,Endeodes,19
Polyphaga,Nitidulidae,Nitidula,20
Polyphaga,Oedemeridae,Oedemera,22
Polyphaga,Passalidae,Oileus,18
Polyphaga,Passalidae,Vindex,21.33333333
Polyphaga,Passalidae,Proculejus,26.66666667
Polyphaga,Passalidae,Chondrocephalus,32.25
Polyphaga,Passalidae,Odontotaenius,26.5
Polyphaga,Passalidae,Passalus,26.05263158
Polyphaga,Passalidae,Paxillus,25
Polyphaga,Passalidae,Ptichopus,25
Polyphaga,Passalidae,Spasalus,25
Polyphaga,Passalidae,Ogyges,26
Polyphaga,Passalidae,Petrejoides,34.66666667
Polyphaga,Passalidae,Publius,28
Polyphaga,Passalidae,Verres,28
Polyphaga,Passalidae,Veturius,28
Polyphaga,Passalidae,Aulacocyclus,30
Polyphaga,Passalidae,Spurius,33.33333333
Polyphaga,Passalidae,Heliscus,34
Polyphaga,Passalidae,Popilius,34
Polyphaga,Passalidae,Pseudacanthus,37.33333333
Polyphaga,Passalidae,Coniger,36
Polyphaga,Passalidae,Proculus,38
Polyphaga,Passalidae,Undulifer,44
Polyphaga,Phalacridae,Phalacrid,15
Polyphaga,Pleocomidae,Pleocoma,20
Polyphaga,Scarabaeidae,Eurysternus,8
Polyphaga,Scarabaeidae,Phanaeus,14
Polyphaga,Scarabaeidae,Chlorocala,14
Polyphaga,Scarabaeidae,Copris,17.58333333
Polyphaga,Scarabaeidae,Deltochilum,15.5
Polyphaga,Scarabaeidae,Jumnos,14
Polyphaga,Scarabaeidae,Phileurus,16.66666667
Polyphaga,Scarabaeidae,Adorrhinyptia,19
Polyphaga,Scarabaeidae,Archophileurus,16
Polyphaga,Scarabaeidae,Atheuchus,16
Polyphaga,Scarabaeidae,Macraspis,18.5
Polyphaga,Scarabaeidae,Anomala,19.6
Polyphaga,Scarabaeidae,Autoserica,22.66666667
Polyphaga,Scarabaeidae,Canthidium,18
Polyphaga,Scarabaeidae,Canthochilum,18
Polyphaga,Scarabaeidae,Canthon,19.33333333
Polyphaga,Scarabaeidae,Catharsius,19.77777778
Polyphaga,Scarabaeidae,Dichotomius,18.22222222
Polyphaga,Scarabaeidae,Dynastes,18
Polyphaga,Scarabaeidae,Enema,18
Polyphaga,Scarabaeidae,Eucranium,18
Polyphaga,Scarabaeidae,Glyphoderus,18
Polyphaga,Scarabaeidae,Haplidia,19
Polyphaga,Scarabaeidae,Holotrichia,19.33333333
Polyphaga,Scarabaeidae,Isocopris,18
Polyphaga,Scarabaeidae,Onthophagus,19.90697674
Polyphaga,Scarabaeidae,Orizabus,18
Polyphaga,Scarabaeidae,Oryctes,18.66666667
Polyphaga,Scarabaeidae,Osmoderma,18
Polyphaga,Scarabaeidae,Paracopris,18
Polyphaga,Scarabaeidae,Paragymnopleurus,18
Polyphaga,Scarabaeidae,Phyllognathus,19
Polyphaga,Scarabaeidae,Popillia,18
Polyphaga,Scarabaeidae,Anomiopsides,18
Polyphaga,Scarabaeidae,Ophthalmo,18
Polyphaga,Scarabaeidae,Pentodon,19.5
Polyphaga,Scarabaeidae,Aphodius,20.02380952
Polyphaga,Scarabaeidae,Apogonia,19.77777778
Polyphaga,Scarabaeidae,Aserica,19.5
Polyphaga,Scarabaeidae,Oxysternon,19
Polyphaga,Scarabaeidae,Oxythyrea,19.5
Polyphaga,Scarabaeidae,Aegialia,20
Polyphaga,Scarabaeidae,Cotalpa,20
Polyphaga,Scarabaeidae,Euonticellus,20
Polyphaga,Scarabaeidae,Pelidnota,20
Polyphaga,Scarabaeidae,Phyllophaga,20
Polyphaga,Scarabaeidae,Psammoporus,20
Polyphaga,Scarabaeidae,Aegiala,20
Polyphaga,Scarabaeidae,Aeqialia,20
Polyphaga,Scarabaeidae,Allomyrina,20
Polyphaga,Scarabaeidae,Amaurodes,20
Polyphaga,Scarabaeidae,Amphimallon,20
Polyphaga,Scarabaeidae,Ataenius,20
Polyphaga,Scarabaeidae,Athyreus,20
Polyphaga,Scarabaeidae,Bolbites,20
Polyphaga,Scarabaeidae,Bothynus,20
Polyphaga,Scarabaeidae,Bubas,20
Polyphaga,Scarabaeidae,Caccobius,20
Polyphaga,Scarabaeidae,Cetonia,20
Polyphaga,Scarabaeidae,Chalcosoma,20
Polyphaga,Scarabaeidae,Cheironitis,20
Polyphaga,Scarabaeidae,Chiron,20
Polyphaga,Scarabaeidae,Coenochilus,20
Polyphaga,Scarabaeidae,Coprophanaeus,20
Polyphaga,Scarabaeidae,Cremastocheilus,20
Polyphaga,Scarabaeidae,Cyclocephala,20
Polyphaga,Scarabaeidae,Cyprolais,20
Polyphaga,Scarabaeidae,Diabroctis,20
Polyphaga,Scarabaeidae,Dichranocephalus,20
Polyphaga,Scarabaeidae,Dicronorhina,20
Polyphaga,Scarabaeidae,Digitonthophagus,20
Polyphaga,Scarabaeidae,Diloboderus,20
Polyphaga,Scarabaeidae,Diplotaxis,20
Polyphaga,Scarabaeidae,Dyscinetus,20
Polyphaga,Scarabaeidae,Ectinohoplia,20
Polyphaga,Scarabaeidae,Eophileurus,20
Polyphaga,Scarabaeidae,Epicometis,20
Polyphaga,Scarabaeidae,Eudicella,20
Polyphaga,Scarabaeidae,Euetheola,20
Polyphaga,Scarabaeidae,Euothonphagus,20
Polyphaga,Scarabaeidae,Euphoria,20
Polyphaga,Scarabaeidae,Exomala,20
Polyphaga,Scarabaeidae,Geniates,20
Polyphaga,Scarabaeidae,Glycyphana,20
Polyphaga,Scarabaeidae,Gnorimus,20
Polyphaga,Scarabaeidae,Goliathus,20
Polyphaga,Scarabaeidae,Gromphas,20
Polyphaga,Scarabaeidae,Gymnetis,20
Polyphaga,Scarabaeidae,Gymnopleurus,20
Polyphaga,Scarabaeidae,Heliocopris,20
Polyphaga,Scarabaeidae,Hoplia,20
Polyphaga,Scarabaeidae,Lachnosterna,20
Polyphaga,Scarabaeidae,Leucothyreus,20
Polyphaga,Scarabaeidae,Ligyrodes,20
Polyphaga,Scarabaeidae,Ligyrus,20
Polyphaga,Scarabaeidae,Lygirus,20
Polyphaga,Scarabaeidae,Maladera,20
Polyphaga,Scarabaeidae,Malagoniella,20
Polyphaga,Scarabaeidae,Mecynorrhina,20
Polyphaga,Scarabaeidae,Megalorrhina,20
Polyphaga,Scarabaeidae,Megasoma,20
Polyphaga,Scarabaeidae,Melolontha,20
Polyphaga,Scarabaeidae,Microcopris,20
Polyphaga,Scarabaeidae,Mimela,20
Polyphaga,Scarabaeidae,Oniticellus,20
Polyphaga,Scarabaeidae,Onitis,20
Polyphaga,Scarabaeidae,Ontherus,20
Polyphaga,Scarabaeidae,Orphnus,20
Polyphaga,Scarabaeidae,Phalops,20
Polyphaga,Scarabaeidae,Phyllopertha,20
Polyphaga,Scarabaeidae,Plaesiorrhinella,20
Polyphaga,Scarabaeidae,Pocalta,20
Polyphaga,Scarabaeidae,Propomacrus,20
Polyphaga,Scarabaeidae,Protaetia,20
Polyphaga,Scarabaeidae,Psammodius,20
Polyphaga,Scarabaeidae,Rhamphorrhina,20
Polyphaga,Scarabaeidae,Rhinyptia,20
Polyphaga,Scarabaeidae,Rutela,20
Polyphaga,Scarabaeidae,Scarabaeidae,20
Polyphaga,Scarabaeidae,Scarabaeus,20
Polyphaga,Scarabaeidae,Schizonycha,20.66666667
Polyphaga,Scarabaeidae,Serica,20
Polyphaga,Scarabaeidae,Sisyphus,20
Polyphaga,Scarabaeidae,Stephanorrhina,20
Polyphaga,Scarabaeidae,Strategus,20
Polyphaga,Scarabaeidae,Sulcophanaeus,20
Polyphaga,Scarabaeidae,Trichiotinus,20
Polyphaga,Scarabaeidae,Trichius,20
Polyphaga,Scarabaeidae,Xylotrupes,20
Polyphaga,Scarabaeidae,Clinteria,20
Polyphaga,Scarabaeidae,Lyogenys,20
Polyphaga,Scarabaeidae,Oruscatus,20
Polyphaga,Scarabaeidae,Rhomborrhina,20
Polyphaga,Scarabaeidae,Tropinota,20
Polyphaga,Scarabaeidae,Adoretus,22.18181818
Polyphaga,Scarabaeidae,Dynamopus,22
Polyphaga,Scarabaeidae,Tiniocellus,24
Polyphaga,Scolytidae,Xylosandrus,9
Polyphaga,Scolytidae,Dendroctonus,23.5
Polyphaga,Scolytidae,Scolytus,15.66666667
Polyphaga,Scolytidae,Polygraphus,16.8
Polyphaga,Scolytidae,Hypothenemus,14.5
Polyphaga,Scolytidae,Orthotomicus,16.8
Polyphaga,Scolytidae,Ips,29.48571429
Polyphaga,Scolytidae,Pityogenes,18.33333333
Polyphaga,Scolytidae,Conopthorus,18.66666667
Polyphaga,Scolytidae,Pityokteines,18
Polyphaga,Scolytidae,Cactopinus,23
Polyphaga,Scolytidae,Blastophagus,28
Polyphaga,Scolytidae,Cryphalus,26
Polyphaga,Scolytidae,Crypturgus,26
Polyphaga,Scolytidae,Dryocoetes,27.33333333
Polyphaga,Scolytidae,Hylastes,26
Polyphaga,Scolytidae,Hylurgops,27.33333333
Polyphaga,Scolytidae,Phloeotribus,26
Polyphaga,Scolytidae,Pityphthorus,27
Polyphaga,Scolytidae,Trypodendron,26
Polyphaga,Scolytidae,Leperisinus,26
Polyphaga,Scolytidae,Xyleborus,40
Polyphaga,Silphidae,Nicrophorus,13
Polyphaga,Silphidae,Silpha,33
Polyphaga,Silphidae,Thanatophilus,26
Polyphaga,Silphidae,Phosphuga,34
Polyphaga,Silvanidae,Ahasverus,18
Polyphaga,Silvanidae,Oryzaephilus,18
Polyphaga,Staphylinidae,Aleochara,18
Polyphaga,Staphylinidae,Platyprosophus,20
Polyphaga,Staphylinidae,Philonthus,37.75
Polyphaga,Staphylinidae,Ontholestes,26
Polyphaga,Staphylinidae,Tachinus,26
Polyphaga,Staphylinidae,Batrisodes,28
Polyphaga,Staphylinidae,Nudobius,28
Polyphaga,Staphylinidae,Pselaphus,30
Polyphaga,Staphylinidae,Quedius,33
Polyphaga,Staphylinidae,Creophilus,38
Polyphaga,Staphylinidae,Staphylinus,42
Polyphaga,Stenotrachelidae,Cephaloon,18
Polyphaga,Tenebrionidae,Arthromacra,14
Polyphaga,Tenebrionidae,Diaperis,14
Polyphaga,Tenebrionidae,Isomira,18
Polyphaga,Tenebrionidae,Scotobius,16.66666667
Polyphaga,Tenebrionidae,Akis,16
Polyphaga,Tenebrionidae,Morica,16
Polyphaga,Tenebrionidae,Adesmia,19
Polyphaga,Tenebrionidae,Aemymone,18
Polyphaga,Tenebrionidae,Alphasida,19.33333333
Polyphaga,Tenebrionidae,Cossyphus,18
Polyphaga,Tenebrionidae,Glabrasida,19.33333333
Polyphaga,Tenebrionidae,Laena,18
Polyphaga,Tenebrionidae,Nyctelia,18
Polyphaga,Tenebrionidae,Nyctobates,18
Polyphaga,Tenebrionidae,Pachyscelis,18
Polyphaga,Tenebrionidae,Pimelia,18.17021277
Polyphaga,Tenebrionidae,Scotobates,18
Polyphaga,Tenebrionidae,Tribolium,19
Polyphaga,Tenebrionidae,Alphitobius,19.66666667
Polyphaga,Tenebrionidae,Bolitopherus,19
Polyphaga,Tenebrionidae,Mesomorphus,19
Polyphaga,Tenebrionidae,Blaps,31.66666667
Polyphaga,Tenebrionidae,Alobates,20
Polyphaga,Tenebrionidae,Ammobius,20
Polyphaga,Tenebrionidae,Arthrodeis,20
Polyphaga,Tenebrionidae,Asida,20
Polyphaga,Tenebrionidae,Blapstinus,20
Polyphaga,Tenebrionidae,Clitobius,20
Polyphaga,Tenebrionidae,Cryptycus,20
Polyphaga,Tenebrionidae,Cynaeus,20
Polyphaga,Tenebrionidae,Dailognatha,20
Polyphaga,Tenebrionidae,Derosphaerus,20
Polyphaga,Tenebrionidae,Eleodes,20
Polyphaga,Tenebrionidae,Erodius,20
Polyphaga,Tenebrionidae,Eulabris,20
Polyphaga,Tenebrionidae,Gnathocerus,20
Polyphaga,Tenebrionidae,Gonocephalum,20
Polyphaga,Tenebrionidae,Hegeter,20
Polyphaga,Tenebrionidae,Himatismus,20
Polyphaga,Tenebrionidae,Hylocrinua,20
Polyphaga,Tenebrionidae,Isocerus,20
Polyphaga,Tenebrionidae,Latheticus,20
Polyphaga,Tenebrionidae,Leptonychus,20
Polyphaga,Tenebrionidae,Melanochrus,20
Polyphaga,Tenebrionidae,Mesostema,20
Polyphaga,Tenebrionidae,Misolampus,20
Polyphaga,Tenebrionidae,Navicularis,20
Polyphaga,Tenebrionidae,Nesotes,20
Polyphaga,Tenebrionidae,Opatrinus,20
Polyphaga,Tenebrionidae,Opatroides,20.33333333
Polyphaga,Tenebrionidae,Oxycara,20
Polyphaga,Tenebrionidae,Pachycera,20
Polyphaga,Tenebrionidae,Pachychila,20
Polyphaga,Tenebrionidae,Paivaea,20
Polyphaga,Tenebrionidae,Palembus,20
Polyphaga,Tenebrionidae,Palorus,20
Polyphaga,Tenebrionidae,Phaleria,20
Polyphaga,Tenebrionidae,Phylan,22
Polyphaga,Tenebrionidae,Platydema,20
Polyphaga,Tenebrionidae,Platynotus,20
Polyphaga,Tenebrionidae,Praocis,20
Polyphaga,Tenebrionidae,Probaticus,20
Polyphaga,Tenebrionidae,Pseudoblaps,20
Polyphaga,Tenebrionidae,Pseudolamus,20
Polyphaga,Tenebrionidae,Rhytinota,20
Polyphaga,Tenebrionidae,Scaurus,22.66666667
Polyphaga,Tenebrionidae,Scleron,21.2
Polyphaga,Tenebrionidae,Sitophagus,20
Polyphaga,Tenebrionidae,Sphaenariopsis,20
Polyphaga,Tenebrionidae,Spyrathus,20
Polyphaga,Tenebrionidae,Stenosis,20
Polyphaga,Tenebrionidae,Tenebrio,20
Polyphaga,Tenebrionidae,Tentyria,20
Polyphaga,Tenebrionidae,Uloma,20
Polyphaga,Tenebrionidae,Upis,20
Polyphaga,Tenebrionidae,Uyttenboogaartia,20
Polyphaga,Tenebrionidae,Zophobas,20
Polyphaga,Tenebrionidae,Zophosis,20
Polyphaga,Tenebrionidae,Belopus,20
Polyphaga,Tenebrionidae,Coelometopus,20
Polyphaga,Tenebrionidae,Hoplobrachium,22
Polyphaga,Tenebrionidae,Oxycarops,22
Polyphaga,Tenebrionidae,Trachycelis,22
Polyphaga,Tenebrionidae,Diastolinus,26
Polyphaga,Tenebrionidae,Elenophorus,26
Polyphaga,Tenebrionidae,Caenoblaps,35
Polyphaga,Tenebrionidae,Gnaptor,36
Polyphaga,Tetratomidae,Penthe,16
Polyphaga,Trogidae,Trox,20
Polyphaga,Trogossitidae,Lophoceters,18
Polyphaga,Trogossitidae,Tenebroides,24
Polyphaga,Zopheridae,Zopherus,16
Adephaga,Gyrinidae,Gyrinus,27
Adephaga,Gyrinidae,Dineutes,42
Adephaga,Haliplidae,Haliplus,25.83333333
Adephaga,Haliplidae,Peltodytes,33
Adephaga,Haliplidae,Brychius,39
Adephaga,Hygrobiidae,Hygrobia,36
Adephaga,Noteridae,Neohydrocoptus,14
Adephaga,Noteridae,Canthydrus,20
Adephaga,Noteridae,Noterus,21
Adephaga,Noteridae,Synchortus,27
Adephaga,Trachypachidae,Trachypachus,37